scenario,scenario_size,method,mode_profile,social_welfare_mean,social_welfare_std,completion_rate_mean,completion_rate_std,drop_rate_mean,drop_rate_std,deadline_violation_rate_mean,deadline_violation_rate_std,p95_latency_ms_mean,p95_latency_ms_std,avg_node_utilization_mean,avg_node_utilization_std,total_decision_overhead_ms_mean,total_decision_overhead_ms_std,slot_share_mean,slot_share_std,externality_mean_mean,externality_mean_std,payment_task_sum_mean,payment_task_sum_std,externality_utilization_corr_mean,externality_utilization_corr_std,externality_latency_corr_mean,externality_latency_corr_std,externality_queue_corr_mean,externality_queue_corr_std,relative_welfare_gain_vs_fixed_heuristic_mean,relative_welfare_gain_vs_fixed_heuristic_std,relative_welfare_gain_vs_fixed_auction_mean,relative_welfare_gain_vs_fixed_auction_std,welfare_loss_vs_global_mean,welfare_loss_vs_global_std,relative_overhead_reduction_c_ample_vs_ample_mean,relative_overhead_reduction_c_ample_vs_ample_std
stable_warehouse_load,Warehouse-M,fixed_heuristic,default,634.448269718391,175.89739913284728,0.8461675086224778,0.039763633536969996,0.15173009486336095,0.041253614186856226,0.00210239651416122,0.0029126959641509876,60.9473786224605,7.855970484330735,0.0826356322141402,0.01969612983592616,0.5698650849808473,0.06563980356162646,0.005698650849808473,0.0006563980356162647,0.0,0.0,0.0,0.0,,0.0,,0.0,,0.0,0.0,0.0,-0.46044888034521936,0.09755318244125802,0.0,0.0,,0.0
stable_warehouse_load,Warehouse-M,fixed_auction,default,1168.5961965809956,207.02146091308225,0.6852732111176818,0.033170935804133966,0.31472678888231814,0.033170935804133966,0.0,0.0,63.72039131455479,18.399952003605033,0.0739441649887882,0.01907598456232879,0.6950867704290431,0.09151560461840355,0.006950867704290431,0.0009151560461840356,0.0076011067650113935,0.01699659143079797,1.1857726553417647,2.6514682632044906,,0.0,-0.005544734010021437,0.05180880419952353,,0.0,0.9012822869145156,0.334040513670632,0.0,0.0,0.0,0.0,,0.0
stable_warehouse_load,Warehouse-M,qmix_heuristic,default,668.8724306043903,198.4094850458654,0.8535803774693399,0.04948614479187624,0.14549369660473427,0.050666044759270466,0.0009259259259259259,0.002070433312499805,56.22636778139351,11.89563220191,0.07281472101481687,0.01914622864630108,0.6514543223602232,0.05266923457362036,0.006514543223602232,0.0005266923457362035,0.0,0.0,0.0,0.0,,0.0,,0.0,,0.0,0.05616801619653035,0.10499038289854441,-0.4339953022287529,0.08760403841359964,0.0,0.0,,0.0
stable_warehouse_load,Warehouse-M,ample_amr,default,1235.5868629436084,221.66713280145407,0.6942055737861212,0.03522133168366166,0.30579442621387865,0.03522133168366168,0.0,0.0,63.51016260746601,18.240519346444174,0.06499532590293858,0.019875179976687266,0.7146614490920911,0.12243645455512586,0.007146614490920911,0.0012243645455512584,0.0023908809408910905,0.005346172309940178,0.3705865458381086,0.8286567080407334,0.03222479880798273,0.10163093930042795,0.0335469104669289,0.18790804822126095,,0.0,1.01186375314677,0.3694101995368008,0.05714312312361434,0.017033698058101423,0.0,0.0,,0.0
stable_warehouse_load,Warehouse-M,c_ample_amr,default,1237.819350152243,220.55738607789533,0.6869061235375286,0.04212580818600645,0.31309387646247144,0.042125808186006426,0.0,0.0,60.669141124480994,15.009363595073907,0.06560625446375526,0.018760651151932862,1.5770715654070955,0.2784928716557186,0.015770715654070955,0.0027849287165571867,0.004194962420003981,0.009380221134185194,0.6669990247806237,1.4914551603354511,,0.0,0.05775799406590495,0.1994287209569705,,0.0,1.0161797640120824,0.37071072541755307,0.05914674740551122,0.009932187471010679,3.5472255799704726,6.2645829904537385,-1.2074394254122054,0.13263075962119789
stable_warehouse_load,Warehouse-M,random_modes_heuristic,default,702.293832578736,198.45391928969696,0.8502157841913295,0.052554398607831246,0.1488582898827446,0.053238511552386326,0.0009259259259259259,0.002070433312499805,61.76299216111369,8.847996866972805,0.08004181298617034,0.022076090198208824,0.5419055320817279,0.05301550024574986,0.005419055320817279,0.0005301550024574988,0.0,0.0,0.0,0.0,,0.0,,0.0,,0.0,0.11094185890350095,0.08620252973548106,-0.4043824758818916,0.08931941075275708,0.0,0.0,,0.0
peak_warehouse_load,Warehouse-M,fixed_heuristic,default,957.7939421606923,320.19201586686415,0.8552911477426424,0.036455467111850735,0.13971534807853409,0.03730537231223116,0.004993504178823598,0.005290323583675344,78.62135184339547,13.809733091168379,0.15831988880775572,0.017278683094123493,1.0613747221779906,0.024861918274227495,0.010613747221779907,0.00024861918274227417,0.0,0.0,0.0,0.0,,0.0,,0.0,,0.0,0.0,0.0,-0.5937793702831764,0.09137178839110273,0.0,0.0,,0.0
peak_warehouse_load,Warehouse-M,fixed_auction,default,2315.878892761359,262.23912112089994,0.6591059675594446,0.03563030059236572,0.3404085955473516,0.03619820663790557,0.0004854368932038835,0.001085469891990189,79.78779983205955,6.503371384436101,0.13030155374913077,0.020510214947242256,1.7085236934427583,0.1470561448500021,0.017085236934427588,0.0014705614485000214,0.0055649134257521864,0.006866857959669855,1.519791406463695,1.8993034263622874,-0.0030961049170693767,0.03686091293253762,0.05482680662819167,0.08188120531749649,0.04150866186531935,0.06770805255445657,1.5520399948441306,0.5107190102878081,0.0,0.0,0.0,0.0,,0.0
peak_warehouse_load,Warehouse-M,qmix_heuristic,default,1131.117069740185,401.91875267443083,0.8653235894610214,0.040402423183765836,0.13220177735407462,0.041902598553877256,0.0024746331849040074,0.0035170356460856164,66.16889619263078,5.436345973437755,0.14152312815836693,0.019457733462202063,1.1764403595589101,0.03694600291669554,0.011764403595589102,0.0003694600291669555,0.0,0.0,0.0,0.0,,0.0,,0.0,,0.0,0.1748518315686765,0.053045070172555324,-0.5211046369317678,0.11851381778654084,0.0,0.0,,0.0
peak_warehouse_load,Warehouse-M,ample_amr,default,2516.6719957168725,298.0772841671477,0.6865094407120143,0.04476935210051839,0.3134905592879857,0.044769352100518404,0.0,0.0,66.35288842309862,9.781372086874482,0.11444816763268888,0.01990360634955011,1.8381209059670156,0.0875211194593094,0.018381209059670153,0.0008752111945930936,0.0004621956247137391,0.0008940439625363249,0.11340408478974658,0.21295545910500893,0.26879223454990664,0.2979929131604883,0.009327806826776707,0.0813192185127266,,0.0,1.7731846238230602,0.5608242290302432,0.08627208136712819,0.01862073354154848,0.0,0.0,,0.0
peak_warehouse_load,Warehouse-M,c_ample_amr,default,2442.325737034419,299.9127055288614,0.6697906425910636,0.03622138959180217,0.3302093574089363,0.0362213895918022,0.0,0.0,65.50631633614125,14.119515509025264,0.11317024626503056,0.018116544258153434,4.205389188136905,0.2376539201513922,0.04205389188136906,0.002376539201513923,0.015810970920752145,0.026448808456041688,4.5201635109204705,7.674380475451528,0.01876239273489724,0.0359447648471861,0.08378614325316006,0.08574158308576577,-0.008241945737701657,0.0,1.6835691523500333,0.5060773862966224,0.05380718243481801,0.0193488991568273,74.34625868245367,83.70889230931573,-1.29057822100191,0.14277668951722502
peak_warehouse_load,Warehouse-M,random_modes_heuristic,default,1140.5018404386838,354.2056370297582,0.856247752398507,0.035383628467550624,0.1371951349271384,0.03741190989895365,0.006557112674354516,0.0037870175957867946,76.13269069571848,11.820518846352298,0.1483008352579145,0.019300634358148,1.0180421159344,0.027813161502691388,0.010180421159344002,0.00027813161502691295,0.0,0.0,0.0,0.0,,0.0,,0.0,,0.0,0.19616062927523287,0.08497740088385844,-0.5162275887136569,0.09757117206873787,0.0,0.0,,0.0
heterogeneous_edge_nodes,Warehouse-M+,fixed_heuristic,default,863.6010918318909,252.04283266925452,0.8687118614999798,0.09131904175408803,0.13013871321266382,0.09188192213794072,0.0011494252873563218,0.002570193077585965,46.88986714085123,8.393513163188441,0.024221869547100323,0.005735960033754622,1.2949982055579312,0.163799837958447,0.012949982055579312,0.0016379983795844705,0.0,0.0,0.0,0.0,,0.0,,0.0,,0.0,0.0,0.0,-0.31543600310449893,0.10428025722718363,0.0,0.0,,0.0
heterogeneous_edge_nodes,Warehouse-M+,fixed_auction,default,1248.1838205406161,236.931004979705,0.7697191634980686,0.09238171739357545,0.23028083650193146,0.09238171739357548,0.0,0.0,70.48980792335858,28.048410215760708,0.02537544554957556,0.00418499956474446,1.2902688499889337,0.14277725563057114,0.012902688499889337,0.001427772556305711,3.3541773128011166e-16,7.9299255804723e-17,4.2144066014770945e-14,1.451584231676515e-14,0.09570057579485138,0.0,0.013221466172478718,0.11687004462516278,,0.0,0.49106627319648355,0.25045695642050947,0.0,0.0,0.0,0.0,,0.0
heterogeneous_edge_nodes,Warehouse-M+,qmix_heuristic,default,769.7097009151425,274.34477554990946,0.8636570044091771,0.08476976316374185,0.13634299559082286,0.08476976316374187,0.0,0.0,46.526098757060936,6.7004691524561375,0.025413450136186944,0.004321225102588432,1.2639668904739665,0.1075505677846137,0.012639668904739665,0.001075505677846137,0.0,0.0,0.0,0.0,,0.0,,0.0,,0.0,-0.11640971287116642,0.10707767519877348,-0.39073703791200154,0.148107036239845,0.0,0.0,,0.0
heterogeneous_edge_nodes,Warehouse-M+,ample_amr,default,1183.1137934116919,228.19117192754692,0.7400887985590056,0.08496280388276005,0.25991120144099444,0.08496280388276006,0.0,0.0,62.533749585862346,12.134279715289743,0.02492921780808758,0.005190578917909897,1.3388560547173256,0.203479379740702,0.013388560547173255,0.00203479379740702,4.0486176059237366e-16,1.4375811716730897e-16,4.716227408607665e-14,1.6471459766157233e-14,,0.0,-0.026793464411763696,0.054749479868270945,,0.0,0.4120619341426874,0.2352243503458742,-0.052670823865574354,0.012351481284861462,0.0,0.0,,0.0
heterogeneous_edge_nodes,Warehouse-M+,c_ample_amr,default,1179.1492409126236,229.4967219926941,0.7400572092295707,0.09567345762584366,0.2599427907704293,0.09567345762584367,0.0,0.0,61.03008812713288,9.362693034366428,0.025207911972252965,0.0050451515030088216,2.866376078382018,0.33097338740205523,0.02866376078382018,0.003309733874020552,3.333833553465888e-16,1.506961533709842e-16,3.7836400679225336e-14,1.4561792860887976e-14,,0.0,0.11684597168132208,0.18358964562736532,,0.0,0.4062885956844746,0.22780756319504167,-0.05604669358566496,0.015318168635545549,4.993648508452679,6.282355819795642,-1.1513792369307876,0.10398361526372324
heterogeneous_edge_nodes,Warehouse-M+,random_modes_heuristic,default,931.7978976698657,283.6240799066728,0.8725415546075641,0.08960026442327063,0.12630902010507958,0.09029591469510903,0.0011494252873563218,0.002570193077585965,44.80539649077743,7.293673834371968,0.022016728042479717,0.004797235100316231,1.2552494923875201,0.13900133587908872,0.012552494923875201,0.0013900133587908877,0.0,0.0,0.0,0.0,,0.0,,0.0,,0.0,0.07835989175067695,0.05297217531633311,-0.2605741953275303,0.12956526499173499,0.0,0.0,,0.0
network_degradation,Warehouse-M,fixed_heuristic,default,99.99194247145445,243.98501673255637,0.8144382920579597,0.032533537759366085,0.18441228265468407,0.032959120208748104,0.0011494252873563218,0.002570193077585965,70.09485258804307,9.174681131574628,0.074388531117337,0.011706272629258108,0.5109181403531693,0.03182135980220372,0.005109181403531693,0.0003182135980220372,0.0,0.0,0.0,0.0,,0.0,,0.0,,0.0,0.0,0.0,-0.9011583108813073,0.3032880050620172,0.0,0.0,,0.0
network_degradation,Warehouse-M,fixed_auction,default,794.2493462530152,131.83195854773072,0.5957183060277313,0.06552040972831154,0.40428169397226865,0.06552040972831157,0.0,0.0,59.55075651470598,13.134615521259585,0.05284625332327882,0.015009152846039962,0.4776367451995611,0.03377875756457484,0.004776367451995611,0.00033778757564574834,0.002424392457509485,0.005421106339128451,0.26425877786853064,0.590900590965003,,0.0,0.10439731381876574,0.20171250077303884,,0.0,4.8150421675252515,3.6219580310103514,0.0,0.0,0.0,0.0,,0.0
network_degradation,Warehouse-M,qmix_heuristic,default,184.72748794516838,254.11125186857643,0.8274204952279124,0.0426519874834697,0.16910449808938252,0.04185476995573389,0.003475006682705159,0.005192767222684419,65.43702915171112,8.955687528204505,0.06711713496236396,0.012571758341287206,0.5663517692300957,0.06304134854627995,0.005663517692300957,0.0006304134854627996,0.0,0.0,0.0,0.0,,0.0,,0.0,,0.0,0.5557715978353127,0.7250354731028041,-0.7933115596015397,0.29230758245605876,0.0,0.0,,0.0
network_degradation,Warehouse-M,ample_amr,default,875.2410155574655,124.42395650950058,0.6295587411534226,0.058814930894812184,0.37044125884657747,0.05881493089481224,0.0,0.0,62.84638949885791,14.639080605089584,0.05042379996838529,0.013134375650266532,0.5406571263301885,0.03737534333088132,0.005406571263301884,0.00037375343330881293,0.002480902925966393,0.005547467588038445,0.2728993218563004,0.6102214346842304,,0.0,0.04867502566601674,0.1349761183067685,,0.0,5.38268030262712,3.992977537946498,0.10517589540136955,0.029577419332835943,0.0,0.0,,0.0
network_degradation,Warehouse-M,c_ample_amr,default,876.7506616017869,143.54231125784068,0.6149608872825792,0.04627376087840319,0.3850391127174207,0.04627376087840325,0.0,0.0,56.87273801032194,15.772017351608664,0.0480551273293217,0.013711345815842343,1.1325908450817224,0.11570176695024637,0.011325908450817223,0.0011570176695024632,0.0038821019595662943,0.00868064387717495,0.4386775214309882,0.9809127581207712,,0.0,0.06815323458914195,0.13094278307928153,,0.0,5.3657324498733345,3.968602440832024,0.10417309659893421,0.00889562018500131,6.458194042440482,8.860161552632132,-1.0916881737744677,0.08660004374760884
network_degradation,Warehouse-M,random_modes_heuristic,default,186.5958703968748,212.89616049380578,0.8187705734425081,0.029784680689969627,0.1800800012701355,0.030316091045843537,0.0011494252873563218,0.002570193077585965,66.20043061962186,4.688324996976478,0.0657514631476176,0.0121261382006961,0.4727172181446804,0.03914979595682397,0.004727172181446804,0.0003914979595682397,0.0,0.0,0.0,0.0,,0.0,,0.0,,0.0,0.28684873167360986,0.7264899441262805,-0.7875496063946399,0.2407150073141092,0.0,0.0,,0.0
edge_node_failures,Warehouse-M,fixed_heuristic,default,564.4315569713594,213.6135676328102,0.8331198846369059,0.024346902191366596,0.16340510868038902,0.025349168320386972,0.003475006682705159,0.005192767222684419,72.47658170246851,12.722482052010879,0.08145098712720795,0.01599447158434898,0.49012655101250857,0.03710890016901182,0.0049012655101250855,0.0003710890016901181,0.0,0.0,0.0,0.0,,0.0,,0.0,,0.0,0.0,0.0,-0.45129884443062557,0.1279979694848327,0.0,0.0,,0.0
edge_node_failures,Warehouse-M,fixed_auction,default,1004.9970755297763,184.13131314232126,0.6788556696655972,0.03696059225285918,0.3211443303344028,0.03696059225285915,0.0,0.0,66.15455927236607,16.355257622185203,0.06555395067459435,0.016535682403804992,0.5191768670192687,0.05371978792383368,0.005191768670192687,0.0005371978792383368,0.00221445741264848,0.003037008113581822,0.24271875435241444,0.34034075912490347,-0.038937382242125465,0.0,0.16780270507479372,0.25790142517771686,,0.0,0.9121142366310131,0.48575005391433035,0.0,0.0,0.0,0.0,,0.0
edge_node_failures,Warehouse-M,qmix_heuristic,default,608.85431788764,225.19313836109376,0.8409666335113949,0.024781605801480287,0.1543955691082255,0.02481315048575589,0.004637797380379578,0.007577963711605876,63.352641780286504,9.900953448387178,0.07151944216842979,0.012320006024028343,0.5896054602635559,0.02496169788082374,0.005896054602635559,0.0002496169788082376,0.0,0.0,0.0,0.0,,0.0,,0.0,,0.0,0.0815614468743874,0.059177484757062984,-0.40613652752661666,0.1483238771774458,0.0,0.0,,0.0
edge_node_failures,Warehouse-M,ample_amr,default,1061.1784444308273,185.68471917435838,0.6952055514929579,0.04433156123890838,0.304794448507042,0.04433156123890836,0.0,0.0,58.73906219645839,14.06714728118386,0.06008853632450521,0.015997174595755916,0.6379992704751203,0.05498657476268802,0.006379992704751203,0.0005498657476268802,0.00011426927236994665,0.0002555138607580573,0.012341081415955912,0.027595496961869255,,0.0,0.017808979268518273,0.11906228860588781,,0.0,1.0253719281754148,0.5391734604195848,0.05695896740971779,0.023086207257155673,0.0,0.0,,0.0
edge_node_failures,Warehouse-M,c_ample_amr,default,1067.9226490828464,189.16968236581724,0.6930054370672196,0.05093503836046538,0.3069945629327803,0.05093503836046538,0.0,0.0,54.45523137434411,13.823884392483693,0.058583159127417336,0.01465552714635466,1.2284012277814327,0.09640789553807945,0.012284012277814328,0.0009640789553807941,2.964353197453598e-16,9.653084134931815e-17,3.299582829185965e-14,1.111731902598383e-14,,0.0,0.03170950891263617,0.06257747707581968,,0.0,1.0370774718492237,0.5408697388331651,0.06338277582784482,0.01487563094408979,4.596884744618501,10.27894677369873,-0.9330915585626413,0.17222282713007928
edge_node_failures,Warehouse-M,random_modes_heuristic,default,585.1212298864993,228.8623134167435,0.8446211313756203,0.02346863108478067,0.153066652639349,0.02393487632122832,0.0023122159850307404,0.003166220287588567,65.31506390853251,5.106541538243857,0.07532997086089051,0.014703740331065532,0.47454509483941365,0.04252013249870231,0.004745450948394137,0.0004252013249870231,0.0,0.0,0.0,0.0,,0.0,,0.0,,0.0,0.031177679732813695,0.03796437073507163,-0.4311865281380075,0.14835088617079178,0.0,0.0,,0.0
scalability_sweep,Warehouse-L,fixed_heuristic,default,847.484127710471,142.4229802802611,0.8514973064781625,0.055181081830440785,0.14850269352183756,0.055181081830440785,0.0,0.0,59.041325461182296,6.174595158020812,0.05445777703253735,0.010073825003041248,2.193545507422338,0.22019132811523967,0.02193545507422338,0.002201913281152399,0.0,0.0,0.0,0.0,,0.0,,0.0,,0.0,0.0,0.0,-0.36231794600033634,0.07847974103115805,0.0,0.0,,0.0
scalability_sweep,Warehouse-L,fixed_auction,default,1331.1307112239297,171.82185704908673,0.7226230592207112,0.054216268679094,0.2773769407792887,0.05421626867909402,0.0,0.0,60.30458952204411,11.894512919438553,0.04977162646467319,0.012017984224296526,2.390934842793892,0.34797927415687624,0.023909348427938917,0.003479792741568764,5.464299250455507e-16,1.5917489671587237e-16,7.931433287922118e-14,3.054320194399628e-14,-0.03264558504024008,0.0,-0.01859724767732117,0.06591519924109784,,0.0,0.5870320655064554,0.19183043174255418,0.0,0.0,0.0,0.0,,0.0
scalability_sweep,Warehouse-L,qmix_heuristic,default,1112.6855991268237,154.0518414486385,0.8585585069741043,0.05485154329134459,0.14144149302589565,0.05485154329134459,0.0,0.0,46.01258743782188,8.205888354810932,0.046217815457721204,0.010063376821974071,2.441873634525109,0.3061852027771691,0.02441873634525109,0.0030618520277716902,0.0,0.0,0.0,0.0,,0.0,,0.0,,0.0,0.3206517865844937,0.10383898904142691,-0.1636744814577403,0.051672034531659805,0.0,0.0,,0.0
scalability_sweep,Warehouse-L,ample_amr,default,1565.6193483576794,214.64399290304198,0.7451412664870416,0.048297956299341596,0.25485873351295835,0.04829795629934159,0.0,0.0,50.51680625249127,7.49677919045678,0.042702876555030446,0.010094950753970785,2.795164666119187,0.6555078093621896,0.027951646661191865,0.006555078093621896,8.432842263352228e-16,2.732731891018792e-16,1.2541079286165767e-13,4.854770567729042e-14,-0.0048689751754862395,0.0,-0.004591886525102271,0.0369230896702525,,0.0,0.8663779720859257,0.24165740390940824,0.1751311575463374,0.01557702351169466,0.0,0.0,,0.0
scalability_sweep,Warehouse-L,c_ample_amr,default,1557.4849444327815,210.35828980542357,0.7397840369915893,0.0522600867634094,0.2602159630084107,0.0522600867634094,0.0,0.0,48.9918292176285,9.947157636290733,0.04269014286956826,0.011700967350201378,6.108946264624441,0.835395183941543,0.06108946264624441,0.008353951839415433,4.452200705122908e-16,2.5210804042301934e-16,6.24833518259038e-14,3.1123335731304746e-14,-0.021518704757035063,0.0,-0.0252857972521874,0.104258265074571,,0.0,0.8571208878819908,0.23896724536762318,0.16933885133271023,0.011706851384504492,10.943221972447919,11.643787886753884,-1.2223212240990815,0.21345654530434435
scalability_sweep,Warehouse-L,random_modes_heuristic,default,872.4857990701673,139.9237578117059,0.8483716210208254,0.054104729891111175,0.1506575051927669,0.055675516984674725,0.000970873786407767,0.002170939783980378,58.19512933429644,8.0265220538672,0.04968331925231842,0.008416047262000757,2.063432489327776,0.23931357609935489,0.02063432489327776,0.00239313576099355,0.0,0.0,0.0,0.0,,0.0,,0.0,,0.0,0.031521160246252775,0.0596385632001606,-0.3428138763690928,0.08152453605582459,0.0,0.0,,0.0
scalability_sweep,Warehouse-M,fixed_heuristic,default,286.49409262052546,71.47634696743756,0.8428084972095862,0.03563293453830931,0.155339650938562,0.033382412701078244,0.0018518518518518517,0.00414086662499961,68.41837544314048,17.756935166601025,0.06188033167072132,0.010028530116184715,0.401269020124649,0.024573052139049225,0.004012690201246489,0.0002457305213904924,0.0,0.0,0.0,0.0,,0.0,,0.0,,0.0,0.0,0.0,-0.5126731286669634,0.10593384884375544,0.0,0.0,,0.0
scalability_sweep,Warehouse-M,fixed_auction,default,586.2903783768413,61.52678605577228,0.6613390974824732,0.037633949763001696,0.33866090251752684,0.037633949763001676,0.0,0.0,67.0829732903376,20.239691493907408,0.04989614009092451,0.006608569330480448,0.43332263060923043,0.04158604904131074,0.004333226306092305,0.0004158604904131075,3.227033425432029e-16,8.622807940538781e-17,2.0561330416057898e-14,5.545783492195147e-15,,0.0,-0.032717528521983806,0.07000520663762312,,0.0,1.1363390526065202,0.49451464618567986,0.0,0.0,0.0,0.0,,0.0
scalability_sweep,Warehouse-M,qmix_heuristic,default,343.87214049492667,85.96534625228927,0.8593590603118735,0.037720642999335974,0.13878908783627478,0.03691031223048619,0.0018518518518518517,0.00414086662499961,64.02181493812594,15.14138970701602,0.057697417140151606,0.008933482655408612,0.4798708823121463,0.023830951672988168,0.004798708823121464,0.0002383095167298817,0.0,0.0,0.0,0.0,,0.0,,0.0,,0.0,0.2044388575169919,0.09816009659732641,-0.4172556478275153,0.11219178253397369,0.0,0.0,,0.0
scalability_sweep,Warehouse-M,ample_amr,default,619.9538202216779,66.46706443419406,0.6840839821602073,0.038224094632950734,0.3159160178397928,0.038224094632950706,0.0,0.0,62.68412124344138,15.441715762331869,0.045293614652018824,0.007111208676327049,0.519021122988003,0.038795027740888735,0.00519021122988003,0.00038795027740888766,0.003774191087551399,0.0084393478318383,0.260419185041046,0.582315000396843,,0.0,0.040430087899211,0.08729363005738042,,0.0,1.2612108359835834,0.5407645377580511,0.057225866719863204,0.013185831744167433,0.0,0.0,,0.0
scalability_sweep,Warehouse-M,c_ample_amr,default,621.083557569528,62.01209572423754,0.6768197356854344,0.05525347722812905,0.3231802643145656,0.05525347722812904,0.0,0.0,63.767084177237926,23.010351156843868,0.04700684799760084,0.005556672705399983,1.0160570659597092,0.14151334038540236,0.010160570659597095,0.0014151334038540234,0.00047803376387022586,0.0010689159915530104,0.030594160887695176,0.06841062345939226,,0.0,-0.01686811951878431,0.13908323971795494,,0.0,1.2637715066943367,0.5200512575578499,0.05990229526710753,0.025678420517462767,4.825595673228077,6.6889618898453325,-0.9632534486736741,0.29463978142884545
scalability_sweep,Warehouse-M,random_modes_heuristic,default,324.0509049546912,70.31309536884191,0.8534884494412625,0.03775084858008433,0.14465969870688564,0.03493367714906823,0.0018518518518518517,0.00414086662499961,63.234651086903185,8.561788724056298,0.0598591204243558,0.012124909411892235,0.3875635834992863,0.029542971510885217,0.003875635834992863,0.0002954297151088524,0.0,0.0,0.0,0.0,,0.0,,0.0,,0.0,0.1611899656100008,0.2625929661349247,-0.4492294929751434,0.09530534495788717,0.0,0.0,,0.0
scalability_sweep,Warehouse-M+,fixed_heuristic,default,491.9124430478215,145.49081539984144,0.8584981829355695,0.10716263231292457,0.1415018170644305,0.1071626323129246,0.0,0.0,59.3994045319267,14.138053372445285,0.021534759113549545,0.004470500040575454,1.0554411225408935,0.12081224798295911,0.010554411225408938,0.001208122479829591,0.0,0.0,0.0,0.0,,0.0,,0.0,,0.0,0.0,0.0,-0.3289956463177491,0.18178186383801442,0.0,0.0,,0.0
scalability_sweep,Warehouse-M+,fixed_auction,default,736.7544835482342,118.70774625185611,0.7390760120433442,0.09062759470369879,0.26092398795665583,0.0906275947036988,0.0,0.0,76.80362595592153,15.327494242881071,0.021606305494298962,0.0043846933292397885,1.0614681939478032,0.1235691111603945,0.010614681939478033,0.0012356911116039439,5.584324321027164e-16,8.802191704650114e-17,4.003464226798315e-14,9.86837771619702e-15,,0.0,-0.07181383590573728,0.0657145514946271,,0.0,0.5882095900562887,0.4618262092438392,0.0,0.0,0.0,0.0,,0.0
scalability_sweep,Warehouse-M+,qmix_heuristic,default,428.18940711970754,115.83044735327101,0.8426237266799881,0.11299013312842489,0.15737627332001197,0.11299013312842487,0.0,0.0,57.313077502713256,4.429112890168233,0.02202826178284521,0.0029465380105275813,1.0421448767495654,0.10799038188240843,0.010421448767495652,0.0010799038188240853,0.0,0.0,0.0,0.0,,0.0,,0.0,,0.0,-0.11749165050256742,0.0869518458127935,-0.4161173323077462,0.13504164070045538,0.0,0.0,,0.0
scalability_sweep,Warehouse-M+,ample_amr,default,687.6897640573803,113.94990836667748,0.707024069229151,0.08645355617063849,0.2929759307708491,0.08645355617063849,0.0,0.0,66.49322667961538,19.158467880357424,0.02078504456235327,0.0018241271518183073,1.0648871385880434,0.12701234964517108,0.010648871385880434,0.001270123496451711,3.288704500564e-16,1.7852602280158543e-16,2.2515322939398176e-14,1.262494934246888e-14,,0.0,0.034236311053503145,0.16906412089613365,,0.0,0.4901927874546218,0.48026337259385066,-0.066517160710895,0.04473147518022948,0.0,0.0,,0.0
scalability_sweep,Warehouse-M+,c_ample_amr,default,688.150534086117,106.16438054703299,0.7086294236112748,0.07799201819064142,0.2913705763887252,0.0779920181906414,0.0,0.0,57.910588609862785,7.459034769562047,0.02060786581684757,0.0016620763632455302,2.141123332839925,0.3962711830404067,0.021411233328399247,0.003962711830404066,2.9372503135395274e-16,1.3904096698157998e-16,2.007283228522283e-14,1.0695775913837183e-14,,0.0,-0.053479178768475445,0.0743660706776022,,0.0,0.48938955768461784,0.46313485038263613,-0.0643384268154916,0.04138184665885723,3.862417223038915,4.630312633888247,-1.000533457515994,0.16110123155882655
scalability_sweep,Warehouse-M+,random_modes_heuristic,default,537.7452579743456,112.70397057880685,0.8522422173511103,0.1099272353502697,0.1454589320741771,0.11149498600382826,0.0022988505747126436,0.00514038615517193,54.280964125794796,14.59144736425852,0.019896562437722382,0.004615138666468137,1.0531661033746786,0.1710461632634047,0.010531661033746786,0.001710461632634047,0.0,0.0,0.0,0.0,,0.0,,0.0,,0.0,0.1216319969629576,0.14861895330875552,-0.2680807161995423,0.11409891254396808,0.0,0.0,,0.0
scalability_sweep,Warehouse-S,fixed_heuristic,default,338.80898911173136,134.2736260573539,0.8114139524268834,0.12504169530828185,0.18858604757311653,0.12504169530828188,0.0,0.0,85.15921647218906,21.3981840754858,0.05336491482968211,0.01683313120382851,0.10807929356815293,0.02106537644860251,0.0010807929356815293,0.00021065376448602504,0.0,0.0,0.0,0.0,,0.0,,0.0,,0.0,0.0,0.0,-0.24145851839968024,0.18328930320850317,0.0,0.0,,0.0
scalability_sweep,Warehouse-S,fixed_auction,default,436.63903921735783,115.5308818931576,0.7270862112025905,0.13716660105502337,0.27291378879740946,0.13716660105502332,0.0,0.0,100.87687737089833,10.575248807958365,0.053948075000892895,0.01791252178078337,0.11880885993984218,0.022740203881810687,0.0011880885993984219,0.00022740203881810683,2.769005798358394e-16,7.749126187950812e-17,1.1368683772161604e-14,3.629597376733527e-15,0.3189180243655986,0.0,-0.04336117608924513,0.1654952545894811,,0.0,0.41177914614999517,0.4863150802698298,0.0,0.0,0.0,0.0,,0.0
scalability_sweep,Warehouse-S,qmix_heuristic,default,403.58880529962164,165.18597654955843,0.829848492025216,0.11935667540049875,0.16658007940335526,0.12453964756042832,0.0035714285714285713,0.007985957062499249,67.44275171295513,7.522386235853737,0.03844786860766525,0.010190651332582155,0.16088222415419295,0.01896569614000159,0.0016088222415419295,0.00018965696140001587,0.0,0.0,0.0,0.0,,0.0,,0.0,,0.0,0.18070927412231622,0.06106108498325156,-0.09612488166638188,0.24924683817743665,0.0,0.0,,0.0
scalability_sweep,Warehouse-S,ample_amr,default,489.2282758693185,132.44449649640842,0.7628246968548693,0.1323589121690529,0.23405030314513073,0.13445396377160618,0.003125,0.006987712429686843,70.84369753951088,3.884202971838214,0.035578440912115414,0.008997401984908214,0.16958553334310028,0.023585832324419565,0.0016958553334310029,0.00023585832324419568,2.6298569641587043e-16,1.6901560821169575e-16,1.2878587085651816e-14,9.81025129326275e-15,0.041072652816396577,0.14712572475779673,0.002671933131030704,0.1883961308812599,,0.0,0.5677222164643755,0.48083496633613926,0.11916508240624486,0.03400458291923609,0.0,0.0,,0.0
scalability_sweep,Warehouse-S,c_ample_amr,default,488.87134056113644,135.65074561071063,0.7796177529367185,0.138892356735767,0.22038224706328155,0.13889235673576694,0.0,0.0,72.49134888363967,5.467144364137889,0.037372014541068956,0.009722934184776216,0.2588761373772286,0.049511578893674885,0.002588761373772286,0.0004951157889367488,1.389026991315354e-16,8.686310365331101e-17,6.439293542825908e-15,4.04584524955367e-15,-0.0353836573170185,0.0,-0.13351258722104636,0.02466947693590904,,0.0,0.5612243161014943,0.4638449057749273,0.11649526370463423,0.041046914659585876,3.2645531616285894,2.2580455965940813,-0.5173261460595409,0.10488704827868804
scalability_sweep,Warehouse-S,random_modes_heuristic,default,344.1224281220438,110.29849738626717,0.8211392271521583,0.13017559178008048,0.1788607728478418,0.13017559178008048,0.0,0.0,70.97623624976576,19.618179548144727,0.049888189389013335,0.018023096319110494,0.10447388291746999,0.01877194473455166,0.0010447388291747,0.00018771944734551657,0.0,0.0,0.0,0.0,,0.0,,0.0,,0.0,0.07343481913317014,0.22223806963326126,-0.21447447508677273,0.12081949372219986,0.0,0.0,,0.0
scalability_sweep,Warehouse-XL,fixed_heuristic,default,1631.5063073970762,345.71636752306455,0.9302481937483107,0.01158498474622006,0.06876536825375705,0.01248799856715149,0.0009864379979322509,0.0013507375690022649,56.402190472920964,2.988349604685412,0.06012144344322329,0.004585481230118624,13.254527643536372,0.6143809847986864,0.13254527643536373,0.006143809847986859,0.0,0.0,0.0,0.0,,0.0,,0.0,,0.0,0.0,0.0,-0.447053190047377,0.09350993608283563,0.0,0.0,,0.0
scalability_sweep,Warehouse-XL,fixed_auction,default,2934.212318345393,166.62750404390343,0.7817558988275476,0.027927000169449854,0.21824410117245244,0.027927000169449864,0.0,0.0,74.37098940274927,17.706111128835648,0.05814089676341888,0.006636969696483012,254.28177375230007,270.27481748002157,2.5428177375230008,2.702748174800216,0.0037910971755763328,0.0058082705253657335,1.1943069062676626,1.8013792147626917,-0.021394669393740802,0.012997951142619006,0.06290127421178053,0.08195794552078106,,0.0,0.8535527354009416,0.3349631398409102,0.0,0.0,0.0,0.0,,0.0
scalability_sweep,Warehouse-XL,qmix_heuristic,default,1783.5138294658216,323.9695983065317,0.9368241625922659,0.012237273629632011,0.06218696074228984,0.01155615757479111,0.0009888766654443221,0.0013540768647427985,53.240913666528186,5.410914853990999,0.05522488989687544,0.004426479089488887,12.979208473407198,0.47123641841342123,0.12979208473407197,0.004712364184134211,0.0,0.0,0.0,0.0,,0.0,,0.0,,0.0,0.09976038698269765,0.05510423064326172,-0.39476825828894846,0.08494915518879745,0.0,0.0,,0.0
scalability_sweep,Warehouse-XL,ample_amr,default,3078.61543796227,162.134353349623,0.7915869029295001,0.030602705524252587,0.2084130970704999,0.030602705524252576,0.0,0.0,69.35099678590903,14.057421943997289,0.05226564310012438,0.005928862709283673,264.236133749461,308.35196259874374,2.6423613374946093,3.0835196259874373,0.003894206120958221,0.008707709604855673,1.2344633403437557,2.7603439447392484,-0.018554030740379073,0.011330009666232823,0.0013203186310257436,0.08341665527219957,,0.0,0.9457958961602184,0.3555595680604541,0.04942538087531946,0.00738852273010041,0.0,0.0,,0.0
scalability_sweep,Warehouse-XL,c_ample_amr,default,3036.6848285725855,152.2088260526822,0.7862736504396741,0.028628049378530553,0.21372634956032588,0.028628049378530536,0.0,0.0,67.80669839650753,12.954129486576528,0.05354842343338082,0.00669081392374974,51.48038605325079,7.6884862948103665,0.5148038605325079,0.07688486294810365,0.00502535514037041,0.011237035704944217,1.567910803795572,3.5059551399425937,0.04026115893398388,0.06365474395670793,0.012104518348514288,0.08590364853805924,,0.0,0.9207432050763653,0.36000572174101064,0.03524220959704693,0.008555387281484715,41.93060938968419,21.453987478354016,0.23324205089839908,0.7834920029866522
scalability_sweep,Warehouse-XL,random_modes_heuristic,default,1751.6042497931605,389.1222980740815,0.9322097986190154,0.011611202353231698,0.065786664221713,0.011355382296529274,0.0020035371592714824,0.0020751057224755102,53.05231173035692,6.378981403518702,0.05492652310750268,0.0032406356840889083,12.352858322847169,0.5750314016181785,0.12352858322847168,0.0057503140161817845,0.0,0.0,0.0,0.0,,0.0,,0.0,,0.0,0.07281181126703622,0.06589742703600865,-0.40704308652494864,0.10310238169578564,0.0,0.0,,0.0
clustered_vs_global,Warehouse-L,fixed_heuristic,default,1168.9053181190636,209.337875504695,0.8570008657911142,0.06406795344542786,0.1429991342088858,0.06406795344542787,0.0,0.0,55.41175551443562,5.388430258418688,0.05795409081153513,0.010398608516790517,2.5651553516841625,0.23109047991107526,0.025651553516841626,0.0023109047991107545,0.0,0.0,0.0,0.0,,0.0,,0.0,,0.0,0.0,0.0,-0.3866479021782684,0.057835058961486295,0.0,0.0,,0.0
clustered_vs_global,Warehouse-L,fixed_auction,default,1903.518455766623,262.36621027510546,0.7248672088309436,0.049524807699569795,0.2751327911690565,0.049524807699569795,0.0,0.0,55.06430740687945,5.618476018093924,0.051292881765985676,0.011138634673285798,2.9185373876576444,0.34968536491292573,0.029185373876576447,0.0034968536491292567,0.0032566804422109437,0.007282158849776399,0.7197263777286003,1.6093571058005944,,0.0,0.012325780503519642,0.10678781778137991,,0.0,0.6418724740347378,0.1525410062629516,0.0,0.0,0.0,0.0,,0.0
clustered_vs_global,Warehouse-L,qmix_heuristic,default,1512.6494568040337,307.5549507802821,0.8648144028710766,0.055481506243535546,0.13443932847220694,0.056082391158762,0.0007462686567164179,0.0016687074458953655,46.11418440921055,8.05954614954709,0.049563028841715095,0.009239360909368308,2.7773015503771603,0.262205479546537,0.027773015503771602,0.0026220547954653698,0.0,0.0,0.0,0.0,,0.0,,0.0,,0.0,0.29058300106646007,0.043713044005238934,-0.20871728091490324,0.07471396765604485,0.0,0.0,,0.0
clustered_vs_global,Warehouse-L,ample_amr,default,2219.8291270595337,319.71570063850965,0.7344983463020097,0.05157639673689547,0.2655016536979903,0.051576396736895444,0.0,0.0,48.14755972277047,11.025120713029768,0.043351167667981735,0.009620130590090288,3.4129751056233153,0.43140007099420047,0.03412975105623316,0.004314000709942003,9.741558827784237e-16,2.1605821229425463e-16,1.8993695505287178e-13,4.499995647710142e-14,,0.0,-0.021988478301005483,0.04479663416118835,,0.0,0.9141391910188184,0.18740743650336988,0.1654219446829816,0.010735900805842122,0.0,0.0,,0.0
clustered_vs_global,Warehouse-L,c_ample_amr,default,2210.8732811167497,334.6859378919744,0.739765813034433,0.052120827495482275,0.260234186965567,0.052120827495482254,0.0,0.0,50.56800450110343,9.324694900736214,0.04407122515777756,0.008481140637489793,7.735430847470914,0.7189797631485019,0.07735430847470914,0.007189797631485023,8.341090080633485e-16,1.844050450198902e-16,1.6635581800983347e-13,4.838621464777791e-14,,0.0,-0.011689723258989062,0.022831695021214377,,0.0,0.9046532005035463,0.18267113201518312,0.1598506589976331,0.015409936258348288,12.129283397107475,12.53833345531555,-1.2805601982422414,0.1810368350631316
clustered_vs_global,Warehouse-L,random_modes_heuristic,default,1268.0100868952934,229.49314970713095,0.8532399126811789,0.06312634219776772,0.14601381866210472,0.06366067825878205,0.0007462686567164179,0.0016687074458953655,51.55917126034602,3.8546716266081966,0.05529014385022731,0.009556110500541112,2.4859021725465675,0.21801643246344224,0.024859021725465676,0.002180164324634422,0.0,0.0,0.0,0.0,,0.0,,0.0,,0.0,0.08493781915985306,0.026257356226454916,-0.3354479296053504,0.051475941356170764,0.0,0.0,,0.0
sensitivity_operation_modes,Warehouse-M,fixed_heuristic,aggressive_bias,520.6299593080619,247.09559693517443,0.8567826412682656,0.034646752005077115,0.14321735873173438,0.03464675200507711,0.0,0.0,69.80233274273282,15.871961669003676,0.07554782042160643,0.014226205309845315,0.5362562002015434,0.058282874302263886,0.0053625620020154325,0.0005828287430226394,0.0,0.0,0.0,0.0,,0.0,,0.0,,0.0,0.0,0.0,-0.45456501944218164,0.15370755469590675,0.0,0.0,,0.0
sensitivity_operation_modes,Warehouse-M,fixed_heuristic,conservative,430.24583933248795,180.82548772883234,0.8341200186525345,0.050764858606716805,0.16186987655704632,0.05069598518993987,0.004010104790419162,0.003726572988355373,71.97421106872824,13.410351108453435,0.08003449270192495,0.016891316287184807,0.45749032096604686,0.0529462262486652,0.004574903209660469,0.0005294622624866521,0.0,0.0,0.0,0.0,,0.0,,0.0,,0.0,0.0,0.0,-0.5100313806929642,0.161126342662797,0.0,0.0,,0.0
sensitivity_operation_modes,Warehouse-M,fixed_heuristic,default,501.0291795686955,228.8526852635829,0.8462831422716064,0.038929981165517186,0.1500192529379743,0.038776407490939455,0.003697604790419162,0.005562037057594534,65.35368539678278,9.74685026744042,0.07767999179425034,0.01868455117725692,0.5107312684413046,0.04819994716641443,0.0051073126844130455,0.00048199947166414415,0.0,0.0,0.0,0.0,,0.0,,0.0,,0.0,0.0,0.0,-0.45945856793661577,0.15669468688822139,0.0,0.0,,0.0
sensitivity_operation_modes,Warehouse-M,fixed_auction,aggressive_bias,926.2972535772593,195.43065726656275,0.6953284507188832,0.03237654173136328,0.3046715492811169,0.03237654173136325,0.0,0.0,63.847573883898825,14.16502705246392,0.06348107309940179,0.016842676240699624,0.5629937966088099,0.06926975670274825,0.005629937966088099,0.0006926975670274825,0.00025278407696123007,0.0005652423797137984,0.024267271388279978,0.05426326845252359,-0.040014429542987395,0.018800592040303928,0.10416895470020013,0.22134140766964583,,0.0,0.9880164884406138,0.7098897311160528,0.0,0.0,0.0,0.0,,0.0
sensitivity_operation_modes,Warehouse-M,fixed_auction,conservative,867.9007516364165,177.4919567291042,0.6731226350774386,0.044731921118990506,0.3256273649225613,0.04265338828719932,0.00125,0.0027950849718747376,79.71583257726729,20.160483176051347,0.06894856162305107,0.018327093084532627,0.4854035809902208,0.06062250362845429,0.004854035809902209,0.0006062250362845428,2.8459792071663695e-16,8.839478152568934e-17,2.8554936193359025e-14,1.3404397125796383e-14,-0.036639812435355995,0.0013575351199218819,-0.09363970142212616,0.04187801431810067,,0.0,1.308523622927576,1.0579746799196699,0.0,0.0,0.0,0.0,,0.0
sensitivity_operation_modes,Warehouse-M,fixed_auction,default,904.9899133263901,195.9348189624255,0.6847770468421446,0.026492566567279392,0.3152229531578554,0.02649256656727938,0.0,0.0,70.36170418482257,15.76121719172822,0.06606850947207465,0.014989459450244711,0.5333796475315467,0.06463349463108985,0.005333796475315467,0.0006463349463108984,4.2022534269740606e-16,9.593239510027322e-17,4.1877612488860903e-14,1.2441038541256118e-14,,0.0,0.07431512058635306,0.043491155665525943,,0.0,1.0068706223239308,0.697455705785341,0.0,0.0,0.0,0.0,,0.0
sensitivity_operation_modes,Warehouse-M,qmix_heuristic,aggressive_bias,544.2156424816629,283.21836637724994,0.8584508456349333,0.04685130297125482,0.14154915436506665,0.04685130297125479,0.0,0.0,62.77646564967371,10.910176428766176,0.06422460005346216,0.01604849126122563,0.618633675372361,0.08135183211241306,0.00618633675372361,0.0008135183211241305,0.0,0.0,0.0,0.0,,0.0,,0.0,,0.0,0.023351650684731676,0.12298644737474844,-0.43331415230232706,0.19137720978749,0.0,0.0,,0.0
sensitivity_operation_modes,Warehouse-M,qmix_heuristic,conservative,484.7482774582475,180.2543546446667,0.8496949183184433,0.053367854158824765,0.14634737210071835,0.05419513613995622,0.003957709580838324,0.00561568237220988,67.72995720814417,8.072597592089236,0.07238778539732374,0.015032338481087478,0.5487058116289388,0.07039238296248318,0.005487058116289388,0.0007039238296248315,0.0,0.0,0.0,0.0,,0.0,,0.0,,0.0,0.17778420678119858,0.24710747525674842,-0.4511953732001362,0.11945302383857667,0.0,0.0,,0.0
sensitivity_operation_modes,Warehouse-M,qmix_heuristic,default,511.6065621252981,223.6947748374069,0.860921422529273,0.039424969524363584,0.13788097268030783,0.040463147945296346,0.0011976047904191617,0.0026779257215566346,56.28712753224197,12.077354929700997,0.06557262201642977,0.013789638188144144,0.5716942879371345,0.05709965273242349,0.005716942879371345,0.0005709965273242346,0.0,0.0,0.0,0.0,,0.0,,0.0,,0.0,0.040394632325887615,0.13357516169586148,-0.4500247206369686,0.12819704646269087,0.0,0.0,,0.0
sensitivity_operation_modes,Warehouse-M,ample_amr,aggressive_bias,976.9992902096319,217.83451182220176,0.714777370392904,0.04621915389121928,0.285222629607096,0.04621915389121926,0.0,0.0,66.3019010409806,14.47869138473588,0.06088988133252808,0.015325260891048442,0.6535653228638694,0.09911922859669026,0.006535653228638694,0.000991192285966903,0.008024300236789076,0.017942880801326697,0.8104543239156982,1.812230960933996,,0.0,0.06751319578314527,0.2100540152745914,,0.0,1.096009150090221,0.7674119289264931,0.05275080106047847,0.027430501189024722,0.0,0.0,,0.0
sensitivity_operation_modes,Warehouse-M,ample_amr,conservative,930.5777806791675,186.26790825473637,0.679853328103152,0.04266401306465106,0.32014667189684803,0.04266401306465103,0.0,0.0,66.83629862249201,20.572092470615935,0.06053393781647648,0.014572654893292738,0.555707724083082,0.07114618926808641,0.005557077240830819,0.0007114618926808646,2.864615557801018e-16,1.566599445403587e-16,2.9531932455029164e-14,1.989251999072742e-14,,0.0,0.01473185842584936,0.12275641796236625,,0.0,1.4731207272938878,1.1160193253670443,0.07274418634693632,0.025380920545712775,0.0,0.0,,0.0
sensitivity_operation_modes,Warehouse-M,ample_amr,default,948.7262770527595,197.4750535113757,0.6925086424744095,0.037444351596010284,0.30749135752559054,0.03744435159601028,0.0,0.0,66.10334909155033,20.4557210278494,0.06096052469563752,0.015520550586772234,0.6524084414455241,0.07497428286024284,0.006524084414455242,0.000749742828602428,3.3656335466606717e-16,2.041715390611685e-16,3.552713678800501e-14,2.7184372438389505e-14,,0.0,0.02391840177975996,0.10937913910815199,,0.0,1.109888845615067,0.7497837940250375,0.04947015630525793,0.01189995312888889,0.0,0.0,,0.0
sensitivity_operation_modes,Warehouse-M,c_ample_amr,aggressive_bias,976.8087468567819,209.30972332670206,0.7034400817349258,0.03431759924555716,0.29530991826507413,0.03281925673376865,0.00125,0.0027950849718747376,61.76883822965162,15.929198268988836,0.06039372919957746,0.01737811461440227,1.2466194084013946,0.18074240376130624,0.012466194084013945,0.0018074240376130624,4.1391926748204327e-16,2.4824644856588015e-16,4.4098058538111217e-14,3.24730650584892e-14,-0.03813241222837915,0.0001891597808174641,-0.050614038748872534,0.07257173764858592,,0.0,1.096679086647477,0.7575548735678256,0.05388822389821653,0.013176152783051797,5.997412298131485,6.707252728190267,-0.9099515943299774,0.07398096533422047
sensitivity_operation_modes,Warehouse-M,c_ample_amr,conservative,926.5893506776963,176.9448648363306,0.6892779381077417,0.026799151341274308,0.31072206189225826,0.026799151341274273,0.0,0.0,62.28465976997097,28.974034461553547,0.06233033996708256,0.015002932963836162,1.4184602569522602,0.6698455811604477,0.014184602569522604,0.006698455811604477,0.003831115513070628,0.008566634716879086,0.3256448186110089,0.7281639509347192,-0.039535101904013714,0.0,0.01896915541789975,0.11690198097045856,,0.0,1.4652030445157198,1.107840059842749,0.06992159486183173,0.025500390605257554,12.859283597916647,17.486850542677036,-1.4754667814208973,0.7900571897380465
sensitivity_operation_modes,Warehouse-M,c_ample_amr,default,966.9094157676691,197.73926041355236,0.6917278377736505,0.037791734692163764,0.30827216222634946,0.03779173469216374,0.0,0.0,65.96140886454718,16.115852748836843,0.060504038603882135,0.014900069048255256,1.2638032972712867,0.20148593887499958,0.012638032972712867,0.0020148593887499957,3.6688091966448625e-16,1.3581321153988762e-16,3.7037040101495225e-14,1.486405792607708e-14,,0.0,-0.101685151286709,0.078129647999051,,0.0,1.1466065358604962,0.7352324009464988,0.07019290481385909,0.019268067001644577,0.5767438066088062,1.289638357179283,-0.9334333135855578,0.16442271440146292
sensitivity_operation_modes,Warehouse-M,random_modes_heuristic,aggressive_bias,528.8261482111799,279.56044204209957,0.8512468011837289,0.04228093622864044,0.14755559402585203,0.04317088358300901,0.0011976047904191617,0.0026779257215566346,64.11525839156596,9.542831331133504,0.06721162829585456,0.017419513296433882,0.5458914140139574,0.11536069542800562,0.005458914140139574,0.0011536069542800564,0.0,0.0,0.0,0.0,,0.0,,0.0,,0.0,-0.019163801550991018,0.2066900135883407,-0.4461601296529243,0.21443367345423472,0.0,0.0,,0.0
sensitivity_operation_modes,Warehouse-M,random_modes_heuristic,conservative,498.0885484463935,186.84555330512538,0.8326011679848857,0.03201462494001004,0.164951227224695,0.03178088848096849,0.002447604790419162,0.0033528005010908034,81.1506177450173,12.771855107720155,0.08055709303284052,0.019352500933947244,0.46087455145815126,0.052335119729149955,0.004608745514581512,0.0005233511972914995,0.0,0.0,0.0,0.0,,0.0,,0.0,,0.0,0.22221874860405677,0.2914103261970825,-0.4372489370172481,0.10621211152521062,0.0,0.0,,0.0
sensitivity_operation_modes,Warehouse-M,random_modes_heuristic,default,523.9493522470336,227.81799962918421,0.8436783518524449,0.042813636040757816,0.152624043357136,0.041530216951841684,0.003697604790419162,0.005562037057594534,67.48960489502856,13.207904879881927,0.0707413982238186,0.020441182327074342,0.4844695051100903,0.04915313328596155,0.004844695051100903,0.0004915313328596163,0.0,0.0,0.0,0.0,,0.0,,0.0,,0.0,0.04637176182951038,0.17427648269698778,-0.43091938286404385,0.1763344766580003,0.0,0.0,,0.0
